Symbol,Series,Date,Prev Close,Open Price,High Price,Low Price,Last Price,Close Price,Average Price,Total Traded Quantity,Turnover,No. of Trades,Deliverable Qty,% Dly Qt to Traded Qty,Average of next day price,close-open,open price of next day
ITC,EQ,3-Mar-22,215.3,216.05,220.2,216,219.35,219.4,218.52,28532668,6235043683,122600,18281302,64.07,222.66,7.8,217.7
ITC,EQ,4-Mar-22,219.4,217.7,227.4,217,225,225.5,222.66,66835736,14881564312,284871,40825247,61.08,223.87,2.95,222
ITC,EQ,7-Mar-22,225.5,222,227,220.1,225.95,224.95,223.87,45258669,10131981893,226272,26504909,58.56,226.27,3,223.9
ITC,EQ,8-Mar-22,224.95,223.9,228.45,223.75,226.8,226.9,226.27,36036336,8154008012,198973,23514703,65.25,228.8,1.55,227.7
ITC,EQ,9-Mar-22,226.9,227.7,231.4,226.1,229,229.25,228.8,42294906,9677136455,168447,29264232,69.19,230.14,1,231
ITC,EQ,10-Mar-22,229.25,231,232.5,227.85,231.45,232,230.14,36132245,8315364499,162038,22399679,61.99,234.51,4.45,231.9
ITC,EQ,11-Mar-22,232,231.9,237.1,230.15,234.95,236.35,234.51,41699184,9778867194,194153,27730894,66.5,237.88,2.75,236.25
ITC,EQ,14-Mar-22,236.35,236.25,239.45,235.3,239,239,237.88,35113638,8352803841,153586,22869875,65.13,238.48,-1.15,239
ITC,EQ,15-Mar-22,239,239,241.4,235.9,238.2,237.85,238.48,32998305,7869470291,159184,20863422,63.23,240.65,2.6,240
ITC,EQ,16-Mar-22,237.85,240,243,239.1,242.4,242.6,240.65,21629521,5205102086,132633,13145841,60.78,244.3,-0.35,245.25
ITC,EQ,17-Mar-22,242.6,245.25,245.4,242.7,244.55,244.9,244.3,34223740,8360956981,158119,22185292,64.82,245.28,-1.4,245.9
ITC,EQ,21-Mar-22,244.9,245.9,247.75,243.8,244.5,244.5,245.28,27975134,6861601746,149077,16934475,60.53,247.49,5.2,244.55
ITC,EQ,22-Mar-22,244.5,244.55,250.75,243.55,249.95,249.75,247.49,36945426,9143578094,176133,21253371,57.53,251.88,0.55,251.45
ITC,EQ,23-Mar-22,249.75,251.45,253.7,248.5,251.9,252,251.88,40491633,10199201337,239738,23950896,59.15,254.29,2.9,251.95
ITC,EQ,24-Mar-22,252,251.95,256.5,251.45,254.75,254.85,254.29,38239419,9723876526,187564,20850112,54.53,252.48,-1.95,255.3
ITC,EQ,25-Mar-22,254.85,255.3,255.75,249.25,252.7,253.35,252.48,29284643,7393703767,131798,17268364,58.97,255.73,3.05,254
ITC,EQ,28-Mar-22,253.35,254,258,252.55,256.2,257.05,255.73,24916402,6371890063,156533,13738059,55.14,255.06,-2.45,257.05
ITC,EQ,29-Mar-22,257.05,257.05,257.5,253.75,254.3,254.6,255.06,18122714,4622454136,114137,10020467,55.29,251.58,-5.9,255.1
ITC,EQ,30-Mar-22,254.6,255.1,256.4,248.65,249.05,249.2,251.58,17603827,4428750077,125981,9256409,52.58,251.19,1.05,249.6
ITC,EQ,31-Mar-22,249.2,249.6,254.35,249.5,250.7,250.65,251.19,25656796,6444678255,131890,16752131,65.29,251.32,3.3,250
ITC,EQ,1-Apr-22,250.65,250,255.35,248.8,255.05,253.3,251.32,14305709,3595279351,114531,7210970,50.41,254.24,2.35,253.1
ITC,EQ,4-Apr-22,253.3,253.1,257.9,251.1,255.75,255.45,254.24,15907398,4044245820,109421,7883260,49.56,258.9,3.4,256.05
ITC,EQ,5-Apr-22,255.45,256.05,261.85,255.1,259,259.45,258.9,27183142,7037729122,178177,12451681,45.81,260.2,2.1,257.5
ITC,EQ,6-Apr-22,259.45,257.5,263.35,257.3,260,259.6,260.2,19597941,5099320485,155736,8355630,42.64,258.62,-1.35,258
ITC,EQ,7-Apr-22,259.6,258,262.2,255.8,256.7,256.65,258.62,16061089,4153641423,126604,8700729,54.17,263.51,9.8,258
ITC,EQ,8-Apr-22,256.65,258,268.85,256,268.75,267.8,263.51,37826800,9967802074,232170,15268435,40.36,269.3,-1.25,268.75
ITC,EQ,11-Apr-22,267.8,268.75,273.15,266,267.1,267.5,269.3,46147653,12427333078,269185,17956565,38.91,265.72,-2.1,266.9
ITC,EQ,12-Apr-22,267.5,266.9,268.65,263.1,264.6,264.8,265.72,23553762,6258603719,150370,10509218,44.62,267.07,4.25,265.3
ITC,EQ,13-Apr-22,264.8,265.3,270.6,263.65,269.1,269.55,267.07,21414383,5719183511,144139,8889619,41.51,269.67,2.1,268
ITC,EQ,18-Apr-22,269.55,268,272.5,267.25,270.35,270.1,269.67,24399444,6579899980,189235,11607148,47.57,267.74,-10.45,272
ITC,EQ,19-Apr-22,270.1,272,272.5,258.8,259.25,261.55,267.74,23380138,6259809070,201593,11502363,49.2,260.75,-3.35,262.9
ITC,EQ,20-Apr-22,261.55,262.9,265.45,257.55,259.8,259.55,260.75,24510612,6391161210,205236,11056033,45.11,261.61,0.7,259.7
ITC,EQ,21-Apr-22,259.55,259.7,264.45,259.6,260.25,260.4,261.61,23412279,6124998845,163869,13185005,56.32,260.66,1.1,260
ITC,EQ,22-Apr-22,260.4,260,263,258.55,261.1,261.1,260.66,15671273,4084852407,108602,7105965,45.34,255.29,-3.55,258.8
ITC,EQ,25-Apr-22,261.1,258.8,259,252.5,255.5,255.25,255.29,24208645,6180301910,173578,13167724,54.39,258.6,2.35,256.6
ITC,EQ,26-Apr-22,255.25,256.6,260.7,256.25,258.85,258.95,258.6,20536714,5310890958,110569,10774226,52.46,257.23,1.3,256.2
ITC,EQ,27-Apr-22,258.95,256.2,258.5,255.75,257.2,257.5,257.23,16580824,4265039505,91550,10420875,62.85,260.79,1.6,259.5
ITC,EQ,28-Apr-22,257.5,259.5,263.7,258.15,261.95,261.1,260.79,27924384,7282457332,131008,18675695,66.88,260.72,-3.45,263
ITC,EQ,29-Apr-22,261.1,263,263,258.5,259.5,259.55,260.72,20419904,5323940772,110925,13489071,66.06,261.53,5.15,258
ITC,EQ,2-May-22,259.55,258,264.5,257.05,263.8,263.15,261.53,18965820,4960080326,158584,11565438,60.98,263.04,-4.25,264
ITC,EQ,4-May-22,263.15,264,266.05,258.6,260.3,259.75,263.04,25951999,6826483599,168036,16974299,65.41,263.04,0.05,262
ITC,EQ,5-May-22,259.75,262,265.2,260.4,262,262.05,263.04,17932895,4716986717,115437,11443309,63.81,264.96,7.65,259
ITC,EQ,6-May-22,262.05,259,267.35,258.9,265.65,266.65,264.96,34490123,9138351915,251642,19075746,55.31,263.34,-3.2,266.15
ITC,EQ,9-May-22,266.65,266.15,266.15,260.55,263.15,262.95,263.34,21403710,5636380538,203003,13686206,63.94,263.62,-2.25,262
ITC,EQ,10-May-22,262.95,262,266.8,259.1,259.5,259.75,263.62,18033260,4753854528,188902,10492376,58.18,255.9,-3.35,259
ITC,EQ,11-May-22,259.75,259,262.2,251.75,255.6,255.65,255.9,17344099,4438387756,178923,8319833,47.97,251.92,-2.1,255
ITC,EQ,12-May-22,255.65,255,256.4,249.15,253.45,252.9,251.92,20044726,5049629669,263981,10795115,53.86,258.72,3.65,254.95
ITC,EQ,13-May-22,252.9,254.95,260.85,254.5,258,258.6,258.72,11921627,3084376920,129880,5186121,43.5,255.88,-5.85,259.95
ITC,EQ,16-May-22,258.6,259.95,259.95,253,254.35,254.1,255.88,8186859,2094840151,102967,3119403,38.1,262.07,9.7,255
ITC,EQ,17-May-22,254.1,255,265.5,254.8,265,264.7,262.07,17797974,4664231330,164262,8774622,49.3,265.52,0.8,266
ITC,EQ,18-May-22,264.7,266,267.8,263.15,266.5,266.8,265.52,20200332,5363514789,150501,9390440,46.49,274.44,13.05,262.6
ITC,EQ,19-May-22,266.8,262.6,279.25,262.6,275.75,275.65,274.44,78287713,21485009549,455087,29590197,37.8,280.22,3,277
ITC,EQ,20-May-22,275.65,277,282.35,277,280.05,280,280.22,32370771,9071060237,217504,12223329,37.76,275.05,-5.5,280
ITC,EQ,23-May-22,280,280,280.45,273.05,273.6,274.5,275.05,21700165,5968639519,158072,11015168,50.76,272.23,-4.15,275
ITC,EQ,24-May-22,274.5,275,275,270,271,270.85,272.23,15547968,4232697120,110237,9518649,61.22,272.08,-0.25,272.95
ITC,EQ,25-May-22,270.85,272.95,273.9,270.5,272.55,272.7,272.08,15288648,4159726894,105968,8654765,56.61,265.96,-1.55,268.25
ITC,EQ,26-May-22,272.7,268.25,268.25,263.85,266.9,266.7,265.96,18420159,4898982829,137230,8540395,46.36,268.11,0.2,269
ITC,EQ,27-May-22,266.7,269,270.7,265.05,269.25,269.2,268.11,13468067,3610874147,92366,6485952,48.16,268.88,-1.45,270.5
ITC,EQ,30-May-22,269.2,270.5,271,267.6,269,269.05,268.88,11819102,3177896815,106135,6178050,52.27,270.75,1.6,269.05
ITC,EQ,31-May-22,269.05,269.05,274.5,266.4,271.2,270.65,270.75,23208345,6283589854,98915,12973848,55.9,272.2,1.2,270.65
ITC,EQ,1-Jun-22,270.65,270.65,274.1,270.2,271.5,271.85,272.2,14699792,4001349285,100701,7919917,53.88,271.97,2.8,270.7
ITC,EQ,2-Jun-22,271.85,270.7,274.45,267.85,273,273.5,271.97,14240994,3873176816,114544,7195640,50.53,273.54,-2.3,275
ITC,EQ,3-Jun-22,273.5,275,275.7,271.6,272.4,272.7,273.54,12487862,3415937894,97837,5740186,45.97,273.53,2.4,272.4
ITC,EQ,6-Jun-22,272.7,272.4,275.8,269.7,274.45,274.8,273.53,10925182,2988401868,87814,5476224,50.12,273.48,0.7,273.2
ITC,EQ,7-Jun-22,274.8,273.2,275,272.25,273.95,273.9,273.48,10828539,2961368319,98015,5911338,54.59,270.49,-6.05,273.95
ITC,EQ,8-Jun-22,273.9,273.95,274.4,266.2,267.8,267.9,270.49,14361969,3884759583,192981,6861112,47.77,269.79,3.05,267.8
ITC,EQ,9-Jun-22,267.9,267.8,271.7,265.75,270.9,270.85,269.79,9860194,2660189374,91711,4320595,43.82,269.93,1.1,269.05
ITC,EQ,10-Jun-22,270.85,269.05,271,268.75,269.95,270.15,269.93,8371061,2259589047,79572,4166101,49.77,265.76,-1.75,266.4
ITC,EQ,13-Jun-22,270.15,266.4,269.1,263,264.55,264.65,265.76,11092690,2947945156,136517,6358342,57.32,265.65,2.25,263.2
ITC,EQ,14-Jun-22,264.65,263.2,267.45,263.05,266,265.45,265.65,7422193,1971719472,83473,3444477,46.41,265.1,-2.6,266
ITC,EQ,15-Jun-22,265.45,266,267.3,263.05,263.5,263.4,265.1,5059474,1341282974,81484,2434719,48.12,262.44,-6.3,267
ITC,EQ,16-Jun-22,263.4,267,267.9,259.5,260.4,260.7,262.44,14293357,3751183386,142462,6579061,46.03,262.62,4.3,259
ITC,EQ,17-Jun-22,260.7,259,264.15,258.55,263.5,263.3,262.62,16654660,4373861999,132372,9223765,55.38,263.83,0.8,263.3
ITC,EQ,20-Jun-22,263.3,263.3,266.15,261.35,263.9,264.1,263.83,17081136,4506543174,123394,9745371,57.05,268.13,4.9,265
ITC,EQ,21-Jun-22,264.1,265,270.85,264.1,269.6,269.9,268.13,13883034,3722409702,94264,7272385,52.38,267.36,-1.7,267
ITC,EQ,22-Jun-22,269.9,267,270.3,264.9,265,265.3,267.36,11320918,3026724469,115525,6826422,60.3,265.08,0,265.5
ITC,EQ,23-Jun-22,265.3,265.5,267.25,262.4,266.35,265.5,265.08,9067252,2403553323,85999,2738282,48.29,266.37,-0.25,266.1
ITC,EQ,24-Jun-22,265.5,266.1,268.35,265.2,266,265.85,266.37,7013132,1868087815,72489,3671371,52.35,269.13,2.95,267
ITC,EQ,27-Jun-22,265.85,267,270.65,266.5,270,269.95,269.13,8172964,2199600656,81295,3892415,47.63,271.1,2.95,268.9
ITC,EQ,28-Jun-22,269.95,268.9,272.25,268.55,271.7,271.85,271.1,11240154,3047199164,89068,5960912,53.03,272.44,4.8,269.25
ITC,EQ,29-Jun-22,271.85,269.25,275,269.15,273.35,274.05,272.44,16018449,4364024742,100735,10550310,65.86,273.5,-0.45,273.95
ITC,EQ,30-Jun-22,274.05,273.95,274.7,272,272.15,273.5,273.5,19262054,5268093767,111474,11786493,61.19,279.9,10.85,273.5
ITC,EQ,1-Jul-22,273.5,273.5,285,271.2,284.75,284.35,279.9,35165665,9842843332,217262,17917722,50.95,290.16,6.25,285.65
ITC,EQ,4-Jul-22,284.35,285.65,293.3,284.8,291.5,291.9,290.16,39881736,11571994522,236760,20299183,50.9,288.48,-6.1,293
ITC,EQ,5-Jul-22,291.9,293,293,285.75,286.75,286.9,288.48,18568655,5356766751,148323,7284718,39.23,287.8,3.2,286.1
ITC,EQ,6-Jul-22,286.9,286.1,290,285.3,289.3,289.3,287.8,18292925,5264761919,127639,8377711,45.8,291.24,0.95,291
ITC,EQ,7-Jul-22,289.3,291,293.15,288.5,291.8,291.95,291.24,13794991,4017654189,92213,6750916,48.94,292.71,0.15,292.9
ITC,EQ,8-Jul-22,291.95,292.9,294.45,290.4,293.05,293.05,292.71,11110418,3252113136,108058,5246205,47.22,295.09,2,293
ITC,EQ,11-Jul-22,293.05,293,296.95,292.05,294.8,295,295.09,12352667,3645114497,136091,6181000,50.04,292.88,-0.3,293
ITC,EQ,12-Jul-22,295,293,295.35,290.9,292.4,292.7,292.88,14074628,4122188826,79822,9420812,66.93,293.83,1.05,293
ITC,EQ,13-Jul-22,292.7,293,294.8,292.7,294,294.05,293.83,9277570,2726007442,91827,5213900,56.2,292.96,-3.45,294.3
ITC,EQ,14-Jul-22,294.05,294.3,296.35,289.15,290.4,290.85,292.96,13414357,3929881063,131615,6415335,47.82,291.84,1.55,292
ITC,EQ,15-Jul-22,290.85,292,294,289.5,293.8,293.55,291.84,11025420,3217689791,92230,5661601,51.35,295.33,0.3,295
ITC,EQ,18-Jul-22,293.55,295,296.3,293.75,295.45,295.3,295.33,11315876,3341888353,97564,7068170,62.46,293.95,-0.4,295
ITC,EQ,19-Jul-22,295.3,295,295.6,292.7,294.45,294.6,293.95,9188419,2700951099,66167,5820317,63.34,297.46,3.3,294.9
ITC,EQ,20-Jul-22,294.6,294.9,299.5,293.6,297.8,298.2,297.46,15789281,4696731730,129589,7952774,50.37,299.79,0.55,299
ITC,EQ,21-Jul-22,298.2,299,302.2,298,299.45,299.55,299.79,16042840,4809415086,148528,5579785,34.78,300.21,0.55,300
ITC,EQ,22-Jul-22,299.55,300,302.5,298.1,299.9,300.55,300.21,9967545,2992317209,132970,4578287,45.93,301.27,2.1,299
ITC,EQ,25-Jul-22,300.55,299,302.95,298.8,300.95,301.1,301.27,10640727,3205780241,122416,4967446,46.68,302.28,1.45,301
ITC,EQ,26-Jul-22,301.1,301,303.75,300.45,302.1,302.45,302.28,9739177,2943921158,132601,5366777,55.11,303.24,1.3,302.85
ITC,EQ,27-Jul-22,302.45,302.85,305,300.6,304.2,304.15,303.24,9346146,2834122483,90102,4783102,51.18,303.73,-1.45,304.9
ITC,EQ,28-Jul-22,304.15,304.9,305.2,302.4,303.25,303.45,303.73,10839070,3292179152,116206,6054561,55.86,302.76,-1.95,305
ITC,EQ,29-Jul-22,303.45,305,305.9,301.35,303.9,303.05,302.76,16932743,5126590092,118230,11436379,67.54,306.64,3.5,304
ITC,EQ,1-Aug-22,303.05,304,308.8,303.1,307.8,307.5,306.64,15889556,4872330248,139428,7752348,48.79,311.5,-0.05,310
ITC,EQ,2-Aug-22,307.5,310,316.65,308.2,309.3,309.95,311.5,38982557,12142957305,261354,11405096,29.26,306.76,-2.75,310.9
ITC,EQ,3-Aug-22,309.95,310.9,310.9,303.65,308,308.15,306.76,17695228,5428122427,155797,9242801,52.23,309.29,1.5,308
ITC,EQ,4-Aug-22,308.15,308,310.35,307.15,309.4,309.5,309.29,15901918,4918240462,133992,9863137,62.02,310.81,1.35,309.5
ITC,EQ,5-Aug-22,309.5,309.5,311.8,309.1,311.1,310.85,310.81,10088723,3135641714,88921,6984036,69.23,312.65,2.2,310.95
ITC,EQ,8-Aug-22,310.85,310.95,313.95,310.05,313,313.15,312.65,8307140,2597244021,107521,4956847,59.67,312.25,-1.95,313.15
ITC,EQ,10-Aug-22,313.15,313.15,314.1,310.75,311.3,311.2,312.25,8923568,2786357033,134530,5772838,64.69,308.12,-6.75,313
ITC,EQ,11-Aug-22,311.2,313,313.45,305.3,305.75,306.25,308.12,10885990,3354140392,149032,5988979,55.02,307.8,2.3,306.25
ITC,EQ,12-Aug-22,306.25,306.25,309.4,304.5,308.05,308.55,307.8,6422504,1976829183,90838,2906529,45.26,310.53,2,308.55
ITC,EQ,16-Aug-22,308.55,308.55,311.5,308.55,310.6,310.55,310.53,8609864,2673656851,119342,5536486,64.3,312.37,0.85,311.7
ITC,EQ,17-Aug-22,310.55,311.7,313.25,311,312.5,312.55,312.37,7975854,2491424846,114115,5190949,65.08,314.97,2.65,313
ITC,EQ,18-Aug-22,312.55,313,316,312.6,315.35,315.65,314.97,9883851,3113156971,118060,5609504,56.75,313.46,-4.15,316.15
ITC,EQ,19-Aug-22,315.65,316.15,316.15,311.2,311.9,312,313.46,10422413,3266995924,111105,5988405,57.46,315.08,3.2,311.2
ITC,EQ,22-Aug-22,312,311.2,317,311,313.85,314.4,315.08,11355837,3577976869,139216,5081094,44.74,314.97,2.95,312.95
ITC,EQ,23-Aug-22,314.4,312.95,316,312.1,315.95,315.9,314.97,9338887,2941482818,107866,5220254,55.9,316.13,-1.65,315.75
ITC,EQ,24-Aug-22,315.9,315.75,319.45,313.05,313.9,314.1,316.13,11346892,3587093978,139184,5582174,49.2,314.39,-3.1,315.45
ITC,EQ,25-Aug-22,314.1,315.45,316.4,311.6,312.7,312.35,314.39,7759104,2439353578,98542,4220828,54.4,313.52,-1.85,314.75
ITC,EQ,26-Aug-22,312.35,314.75,315.4,312,313.35,312.9,313.52,6956588,2181018083,155321,3979145,57.2,312.03,3.55,310
ITC,EQ,29-Aug-22,312.9,310,314.95,308.85,313.85,313.55,312.03,11361400,3545119890,144239,5948940,52.36,318.82,6.25,314.25
ITC,EQ,30-Aug-22,313.55,314.25,321.4,314.25,320.7,320.5,318.82,17829428,5684375336,136127,11915072,66.83,318.07,-1.9,319.5
ITC,EQ,1-Sep-22,320.5,319.5,321.9,316,317.9,317.6,318.07,13254985,4216026194,164540,8499175,64.12,321.12,4.45,318.7
ITC,EQ,2-Sep-22,317.6,318.7,324.25,318.05,323.35,323.15,321.12,25758860,8271660686,177786,12939298,50.23,327.03,3.85,325
ITC,EQ,5-Sep-22,323.15,325,329.6,323.75,328.75,328.85,327.03,17471906,5713829813,169972,9620474,55.06,328.05,-2.85,330
ITC,EQ,6-Sep-22,328.85,330,330,326.4,326.9,327.15,328.05,11970750,3927000892,132143,8040258,67.17,326.74,0.1,326
ITC,EQ,7-Sep-22,327.15,326,328.3,325.25,326,326.1,326.74,8085824,2641983439,101541,4431170,54.8,329.55,0.9,329
ITC,EQ,8-Sep-22,326.1,329,330.6,327.5,330,329.9,329.55,10911130,3595754293,103688,6915530,63.38,331.56,-0.1,330.6
ITC,EQ,9-Sep-22,329.9,330.6,333.3,330,330.15,330.5,331.56,9408098,3119312582,133330,5817787,61.84,330.85,-1.1,332
ITC,EQ,12-Sep-22,330.5,332,332.4,330,330.9,330.9,330.85,8712689,2882571011,92310,5980215,68.64,333.42,2.7,331.7
ITC,EQ,13-Sep-22,330.9,331.7,335,330.6,333.75,334.4,333.42,10520207,3507614418,141649,6159133,58.55,336.46,4.35,331
ITC,EQ,14-Sep-22,334.4,331,339,330.95,335.75,335.35,336.46,12267025,4127405942,128808,6403515,52.2,334.73,-2.3,336.4
ITC,EQ,15-Sep-22,335.35,336.4,337.05,332.9,333.6,334.1,334.73,8418672,2818017592,111903,5055084,60.05,331.53,-1.05,332.35
ITC,EQ,16-Sep-22,334.1,332.35,334.6,329.7,331.5,331.3,331.53,12492851,4141776659,107543,8883109,71.11,334.29,6.5,329.1
ITC,EQ,19-Sep-22,331.3,329.1,336.9,329.1,335.6,335.6,334.29,14365461,4802297577,117354,9948423,69.25,337.51,-2.75,338.75
ITC,EQ,20-Sep-22,335.6,338.75,339.6,335,335.25,336,337.51,9526068,3215133990,93112,5807352,60.96,340.58,4.95,336
ITC,EQ,21-Sep-22,336,336,345.2,335.5,340.6,340.95,340.58,20992080,7149565839,161744,11514472,54.85,345.83,4.05,341
ITC,EQ,22-Sep-22,340.95,341,348.75,340.9,345.75,345.05,345.83,24179987,8362263405,204326,12531726,51.83,346.63,-1.1,347.5
ITC,EQ,23-Sep-22,345.05,347.5,349.55,343.3,347,346.4,346.63,22838807,7916609371,173655,14348402,62.82,337.58,-12.25,344.85
ITC,EQ,26-Sep-22,346.4,344.85,345.95,331.75,332.5,332.6,337.58,16205789,5470794971,221652,7435093,45.88,336.38,-0.15,335
ITC,EQ,27-Sep-22,332.6,335,339.55,334,335.55,334.85,336.38,9991052,3360744442,134083,4166039,48.73,328.07,-7,331.95
ITC,EQ,28-Sep-22,334.85,331.95,333.3,324.3,324.5,324.95,328.07,15552911,5102409611,201684,8842101,56.85,332.71,4.05,329
ITC,EQ,29-Sep-22,324.95,329,334.9,327.75,334.35,333.05,332.71,18281337,6082448649,175901,9484291,51.88,332.94,-0.85,333.05
ITC,EQ,30-Sep-22,333.05,333.05,335.75,330.15,332.2,332.2,332.94,12427919,4137766673,145664,7235622,58.22,327.3,-8.5,332.9
ITC,EQ,3-Oct-22,332.2,332.9,333,323.25,324.9,324.4,327.3,9111289,2982119370,143508,4039931,44.34,331.45,4.15,328.7
ITC,EQ,4-Oct-22,324.4,328.7,334,328,333.1,332.85,331.45,8803255,2917827879,121561,5156257,58.57,335.98,1.65,335
ITC,EQ,6-Oct-22,332.85,335,339.3,332.55,335.9,336.65,335.98,22235092,7470586427,155672,16811239,75.61,333.79,-2.7,336.8
ITC,EQ,7-Oct-22,336.65,336.8,336.85,331.3,334.45,334.1,333.79,10506078,3506819674,115865,7085146,67.44,328.18,-2.15,330
ITC,EQ,10-Oct-22,334.1,330,331.45,326.05,328.15,327.85,328.18,9388996,3081254841,134866,5490519,58.48,328.01,-2.7,329
ITC,EQ,11-Oct-22,327.85,329,330.45,325.1,325.9,326.3,328.01,10609956,3480158341,141982,6828001,64.35,328.41,2.15,327.95
ITC,EQ,12-Oct-22,326.3,327.95,331.45,324.75,330,330.1,328.41,10337544,3394961391,141735,5813744,56.24,329.33,-1.3,329.95
ITC,EQ,13-Oct-22,330.1,329.95,331.3,328,328.85,328.65,329.33,7266724,2393148173,88889,4110062,56.56,332.38,-0.2,332.3
ITC,EQ,14-Oct-22,328.65,332.3,333.9,330.85,332.1,332.1,332.38,6424915,2135542924,95294,3693743,57.49,332.91,1.15,331.1
ITC,EQ,17-Oct-22,332.1,331.1,334.75,329.6,332.55,332.25,332.91,6929063,2306765039,100913,3745304,54.05,338.93,6.35,333.95
ITC,EQ,18-Oct-22,332.25,333.95,341,333.55,340.85,340.3,338.93,20887417,7079464204,116946,15003669,71.83,344.88,3.25,343.1
ITC,EQ,19-Oct-22,340.3,343.1,347.45,339.8,347.2,346.35,344.88,16296080,5620213087,147366,6886786,42.26,348.06,2.7,347
ITC,EQ,20-Oct-22,346.35,347,350.95,344.8,350.6,349.7,348.06,18474706,6430266359,169065,6938071,37.55,348.85,-7.6,353.2
ITC,EQ,21-Oct-22,349.7,353.2,353.2,344.5,344.85,345.6,348.85,27372160,9548793891,192007,11013104,43.56,348.43,-1.25,348.95
ITC,EQ,24-Oct-22,345.6,348.95,349.7,347,347.65,347.7,348.43,3170564,1104707572,72949,1683624,53.1,345.93,-3.15,349.45
ITC,EQ,25-Oct-22,347.7,349.45,349.5,343.65,346.1,346.3,345.93,17242211,5964613498,128574,12018710,69.71,345.23,-0.85,346.65
ITC,EQ,27-Oct-22,346.3,346.65,348.35,343.85,346.7,345.8,345.23,18558597,6407002653,102198,13732749,74,346.74,-1.75,347.55
ITC,EQ,28-Oct-22,345.8,347.55,348.6,345.1,346,345.8,346.74,13069167,4531558050,88108,7228175,72.21,347.71,0.7,348
ITC,EQ,31-Oct-22,345.8,348,350.5,344.75,348.95,348.7,347.71,13825970,4807406386,124587,8932772,64.61,349.26,0.25,349.25
ITC,EQ,1-Nov-22,348.7,349.25,350.5,347.2,349.5,349.5,349.26,19665200,6868253070,116701,15119548,76.88,353.78,6.15,348.5
ITC,EQ,2-Nov-22,349.5,348.5,356.25,348.5,354,354.65,353.78,16781507,5936966418,166834,8917189,53.14,355.69,-0.3,354
ITC,EQ,3-Nov-22,354.65,354,358.5,353,354.15,353.7,355.69,10736155,3818715208,115351,5509745,51.32,354.26,-0.4,354
ITC,EQ,4-Nov-22,353.7,354,356,352.5,353.25,353.6,354.26,8386849,2971089241,112058,5462197,65.13,352.72,-1.5,355
ITC,EQ,7-Nov-22,353.6,355,356.35,350,353.7,353.5,352.72,10050303,3544947876,120586,5771581,57.43,358.51,7.2,353.5
ITC,EQ,9-Nov-22,353.5,353.5,361.45,353.2,360.7,360.7,358.51,20611075,7389191472,176013,14229344,69.04,356.14,-3,359
ITC,EQ,10-Nov-22,360.7,359,359.9,354.1,356,356,356.14,19327625,6883310233,149772,13597143,70.35,356.41,-3.65,360
ITC,EQ,11-Nov-22,356,360,360.95,354.65,358,356.35,356.41,10950902,3903029915,119454,7024510,64.15,350.27,-9.15,356.35
ITC,EQ,14-Nov-22,356.35,356.35,356.95,346.6,347.45,347.2,350.27,17639889,6178677577,167736,12350540,70.01,342.39,-3.7,348.95
ITC,EQ,15-Nov-22,347.2,348.95,348.95,339.15,345.5,345.25,342.39,15451411,5290386412,151100,8747485,56.61,343.92,-1.6,345.7
ITC,EQ,16-Nov-22,345.25,345.7,346.85,341.65,344.5,344.1,343.92,7604924,2615447741,116105,3491927,57.13,344.84,-0.4,344.1
ITC,EQ,17-Nov-22,344.1,344.1,347.45,342.6,343.8,343.7,344.84,9994270,3446380758,118071,6489926,64.94,341.37,-2.65,343.7
ITC,EQ,18-Nov-22,343.7,343.7,344.75,339.8,341,341.05,341.37,7838297,2675758288,93616,5012624,63.95,336.63,-1.9,339.1
ITC,EQ,21-Nov-22,341.05,339.1,340,334.4,337.2,337.2,336.63,9198816,3096600795,123378,5835783,63.44,339.35,3.25,337
ITC,EQ,22-Nov-22,337.2,337,341,335.7,340,340.25,339.35,6495845,2204337081,97824,4262632,65.62,339.65,-2.2,342
ITC,EQ,23-Nov-22,340.25,342,342,337.5,339.2,339.8,339.65,7768291,2638475967,122455,4818004,62.02,340.21,0.95,339.8
ITC,EQ,24-Nov-22,339.8,339.8,342.5,337.55,341.1,340.75,340.21,8140857,2769597450,116223,4775093,58.66,339.56,-0.7,341
ITC,EQ,25-Nov-22,340.75,341,341.9,337.8,340.3,340.3,339.56,6933254,2354253778,102045,3459795,49.9,340.43,0.05,340
ITC,EQ,28-Nov-22,340.3,340,341.75,338.75,339.95,340.05,340.43,9902739,3371223380,103017,7507263,75.81,342.94,2.3,340
ITC,EQ,29-Nov-22,340.05,340,345,340,342.45,342.3,342.94,10189855,3494496987,115645,5441795,53.4,340.54,-1.25,341.25
ITC,EQ,30-Nov-22,342.3,341.25,344.15,339,340.3,340,340.54,22556502,7681480499,139387,18090068,80.2,338.75,-2.15,341.7
ITC,EQ,1-Dec-22,340,341.7,341.7,336.8,339.7,339.55,338.75,16630417,5633556147,183326,11975852,72.01,337.85,-2.2,339.35
ITC,EQ,2-Dec-22,339.55,339.35,340.8,336.75,337.5,337.15,337.85,8388835,2834182902,104028,5530292,65.92,335.88,-0.9,337.65
ITC,EQ,5-Dec-22,337.15,337.65,338.85,334.15,336.6,336.75,335.88,9716390,3263564731,131793,6175352,63.56,337.05,3.2,334.1
ITC,EQ,6-Dec-22,336.75,334.1,338.2,334.1,337.6,337.3,337.05,6327430,2132640560,82974,3533567,55.85,339.89,1.6,338.5
ITC,EQ,7-Dec-22,337.3,338.5,341.5,336.65,340,340.1,339.89,9813208,3335393156,117952,6427812,65.5,339.3,-1.8,340.2
ITC,EQ,8-Dec-22,340.1,340.2,342.15,337.5,338.3,338.4,339.3,6200447,2103841069,135480,3525932,56.87,340.59,1.65,339.75
ITC,EQ,9-Dec-22,338.4,339.75,342.5,338,342,341.4,340.59,8132228,2769725918,104951,4947563,60.84,342.63,2.2,341
ITC,EQ,12-Dec-22,341.4,341,344,340.1,343.25,343.2,342.63,11214662,3842454920,147074,6616858,59,344.45,1.1,344.5
ITC,EQ,13-Dec-22,343.2,344.5,346,342.4,345.05,345.6,344.45,10693426,3683297886,129845,7806777,73.01,345.47,-0.6,346
ITC,EQ,14-Dec-22,345.6,346,347.35,343.75,345.1,345.4,345.47,7379878,2549557385,128069,4571734,61.95,341.22,-5.9,344.75
ITC,EQ,15-Dec-22,345.4,344.75,346.1,338,338.7,338.85,341.22,8154931,2782665992,112979,5269533,64.62,334.49,-2.4,337.5
ITC,EQ,16-Dec-22,338.85,337.5,338.9,331.3,335.75,335.1,334.49,12429280,4157423587,207367,7735044,62.23,339.82,3.7,336.8
ITC,EQ,19-Dec-22,335.1,336.8,342.35,335.35,340.05,340.5,339.82,7812801,2654927436,110172,3531508,45.2,338.61,0.1,340.05
ITC,EQ,20-Dec-22,340.5,340.05,340.95,336.75,339.9,340.15,338.61,5482218,1856320822,80370,3518014,64.17,336.78,-5.85,341
ITC,EQ,21-Dec-22,340.15,341,341.25,334.5,335.7,335.15,336.78,7045201,2372658454,127807,3825405,54.3,332.77,-3.2,335.65
ITC,EQ,22-Dec-22,335.15,335.65,337.4,329.9,332.8,332.45,332.77,6584445,2191082235,101460,3738058,56.77,327.9,-4.2,330.9
ITC,EQ,23-Dec-22,332.45,330.9,331.9,325.35,326.05,326.7,327.9,10073884,3303219426,187134,6257359,62.11,332.83,8.1,326.5
ITC,EQ,26-Dec-22,326.7,326.5,335.1,325.5,334.6,334.6,332.83,9566210,3183941256,183864,5327695,55.69,333.36,-2.45,335.6
ITC,EQ,27-Dec-22,334.6,335.6,336.4,330.15,333.05,333.15,333.36,6727343,2242627265,122372,3562908,52.96,332.76,1.55,332.85
ITC,EQ,28-Dec-22,333.15,332.85,335,331.5,334.35,334.4,332.76,7737562,2574744214,114100,4797122,62,333.6,1,334.35
ITC,EQ,29-Dec-22,334.4,334.35,335.75,331.55,335.45,335.35,333.6,8105359,2703980878,98175,5523031,68.14,333.91,-3.85,335.4
ITC,EQ,30-Dec-22,335.35,335.4,336.75,330.5,331,331.55,333.91,6960264,2324123983,86886,4701153,67.54,332.25,1.95,330.9
ITC,EQ,2-Jan-23,331.55,330.9,334,329.65,332.8,332.85,332.25,5951893,1977534074,139495,3239874,54.43,331.36,-0.4,331.5
ITC,EQ,3-Jan-23,332.85,331.5,333.35,330.25,331.2,331.1,331.36,5997051,1987185279,103134,3644861,60.78,327.48,-4.85,331.85
ITC,EQ,4-Jan-23,331.1,331.85,332.5,326,326.6,327,327.48,6689769,2190748946,155935,3830059,57.25,332.2,4.8,328.65
ITC,EQ,5-Jan-23,327,328.65,333.9,328.2,333.6,333.45,332.2,8171437,2714547327,134902,4660291,57.03,335.48,0.35,334.7
ITC,EQ,6-Jan-23,333.45,334.7,337.55,333.1,335,335.05,335.48,8284135,2779124777,115819,4325749,52.22,338.82,1.1,336.95
ITC,EQ,9-Jan-23,335.05,336.95,341.3,336.15,337.4,338.05,338.82,10618786,3597812676,147547,6671695,62.83,333.83,-4.5,337.9
ITC,EQ,10-Jan-23,338.05,337.9,338.4,332.55,333.7,333.4,333.83,6949605,2319978392,95343,4437313,63.85,332.82,-3.3,335.1
ITC,EQ,11-Jan-23,333.4,335.1,335.1,331.3,332.1,331.8,332.82,4584293,1525745890,91438,2820911,61.53,329.95,-3.55,333.4
ITC,EQ,12-Jan-23,331.8,333.4,333.6,328.1,329.5,329.85,329.95,6638422,2190337446,139430,4298493,64.75,329.58,-1.1,329.85
ITC,EQ,13-Jan-23,329.85,329.85,332.25,326.4,329.1,328.75,329.58,14412671,4750157894,120029,10100746,70.08,329.11,-0.15,330.35
ITC,EQ,16-Jan-23,328.75,330.35,332.2,327.55,330.2,330.2,329.11,8253942,2716469421,78391,5624245,68.14,331.64,2.05,330.2
ITC,EQ,17-Jan-23,330.2,330.2,333.5,329.1,332,332.25,331.64,13712537,4547671025,93294,9988409,72.84,334.37,0.65,334
ITC,EQ,18-Jan-23,332.25,334,336.55,332.4,335.1,334.65,334.37,12555527,4198130682,147165,8810510,70.17,333.21,-1.85,334
ITC,EQ,19-Jan-23,334.65,334,335.65,331.65,332,332.15,333.21,8346130,2781000520,103560,6021233,72.14,332.68,2.6,332
ITC,EQ,20-Jan-23,332.15,332,335.2,329.25,334.45,334.6,332.68,13103664,4359276711,104023,9744145,74.36,336.68,1.75,336
ITC,EQ,23-Jan-23,334.6,336,338.15,333.05,337.6,337.75,336.68,7124807,2398812193,75270,4556499,63.95,339.02,1.15,337.8
ITC,EQ,24-Jan-23,337.75,337.8,340.75,337.6,338.9,338.95,339.02,12302874,4170878393,123629,9127402,74.19,338.13,0.35,338.9
ITC,EQ,25-Jan-23,338.95,338.9,341,335.25,340,339.25,338.13,12497542,4225848771,115825,8404380,67.25,345.5,4.2,341.8
ITC,EQ,27-Jan-23,339.25,341.8,348.85,341.5,345.5,346,345.5,21040139,7269287174,198362,12247433,58.21,347.04,-2.1,346.9
ITC,EQ,30-Jan-23,346,346.9,351.75,341.85,343.8,344.8,347.04,14091519,4890259651,159810,8386531,59.51,348.73,6.35,346
ITC,EQ,31-Jan-23,344.8,346,355,341.05,352.6,352.35,348.73,17134291,5975279655,207015,11239709,65.6,353.75,8.4,353
ITC,EQ,1-Feb-23,352.35,353,365.7,329.1,359.6,361.4,353.75,64518967,22823821018,497986,24606119,38.14,376.87,17,361.6
ITC,EQ,2-Feb-23,361.4,361.6,384.7,360.4,378.8,378.6,376.87,55745171,21008522194,404278,26456337,47.46,378.53,-1.25,381.9
ITC,EQ,3-Feb-23,378.6,381.9,382.25,372,380.7,380.65,378.53,22295321,8439463829,236606,9738500,43.68,384.59,0.9,382.5
ITC,EQ,6-Feb-23,380.65,382.5,388.2,379.6,383.5,383.4,384.59,25790153,9918627584,245965,13387419,51.91,373.66,-10.65,383.9
ITC,EQ,7-Feb-23,383.4,383.9,383.9,368.45,373.4,373.25,373.66,20643707,7713764922,296046,10183033,49.33,375.12,0.8,374.75
ITC,EQ,8-Feb-23,373.25,374.75,377.3,371.55,374.55,375.55,375.12,10420462,3908964512,125965,5323532,51.09,375.49,0.25,374
ITC,EQ,9-Feb-23,375.55,374,380,372.15,374.8,374.25,375.49,11861196,4453808752,147407,6597115,55.62,372.27,-0.85,372.2
ITC,EQ,10-Feb-23,374.25,372.2,376.95,370.3,371.2,371.35,372.27,10278597,3826370637,101423,6698230,65.17,372.74,1.2,373
ITC,EQ,13-Feb-23,371.35,373,375.15,370,374.1,374.2,372.74,9901148,3690548356,110887,5978014,60.38,383.62,11.45,375
ITC,EQ,14-Feb-23,374.2,375,387.65,373.75,385.95,386.45,383.62,29125052,11172825494,240562,15147893,52.01,380.58,0.45,381.75
ITC,EQ,15-Feb-23,386.45,381.75,382.85,378.55,382.1,382.2,380.58,12209350,4646631940,132308,6229280,51.02,383.66,0.55,382
ITC,EQ,16-Feb-23,382.2,382,385.25,381,382,382.55,383.66,9775280,3750425750,119906,5841367,59.76,382.91,2.35,381.05
ITC,EQ,17-Feb-23,382.55,381.05,384.55,379.25,383.3,383.4,382.91,7672135,2937749083,93699,4114314,53.63,384.12,-0.65,384.7
ITC,EQ,20-Feb-23,383.4,384.7,387.5,381.3,383.9,384.05,384.12,7804976,2998018760,102345,3400621,43.57,384.08,-2.75,385
ITC,EQ,21-Feb-23,384.05,385,385.9,381.7,383,382.25,384.08,8259574,3172325587,88576,4951755,59.95,383.28,1.85,382
ITC,EQ,22-Feb-23,382.25,382,384.9,380,384.15,383.85,383.28,8961077,3434625178,99507,4805723,53.63,389.74,3.15,384.45
ITC,EQ,23-Feb-23,383.85,384.45,394,383.1,387.4,387.6,389.74,18830592,7339108177,218500,8823649,46.86,384.56,-3.9,389
ITC,EQ,24-Feb-23,387.6,389,389,381,385.25,385.1,384.56,12910220,4964754019,118753,7627154,59.08,381.68,-2.9,385.1
ITC,EQ,27-Feb-23,385.1,385.1,386.8,378.1,382.2,382.2,381.68,8142319,3107756123,122227,3928450,48.25,377.55,-5.8,382.5
ITC,EQ,28-Feb-23,382.2,382.5,384.25,375,376.5,376.7,377.55,16367477,6179566022,161521,10661355,65.14,378.58,4.45,374.25
ITC,EQ,1-Mar-23,376.7,374.25,380.4,373.6,378.6,378.7,378.58,7766667,2940311889,114616,4419391,56.9,376.22,-3.95,379.5
ITC,EQ,2-Mar-23,378.7,379.5,379.75,374.7,375.85,375.55,376.22,5019603,1888498850,98330,2568003,51.16,,,
